Kreis,Gemeinde,lat,lon,source,display_name
Ennepe-Ruhr-Kreis,Breckerfeld,51.2603083,7.4667789,q1,"Breckerfeld, Ennepe-Ruhr-Kreis, Nordrhein-Westfalen, 58339, Deutschland"
Ennepe-Ruhr-Kreis,Ennepetal,51.2967192,7.3693335,q1,"Ennepetal, Ennepe-Ruhr-Kreis, Nordrhein-Westfalen, 58256, Deutschland"
Ennepe-Ruhr-Kreis,Gevelsberg,51.3207417,7.3404792,q1,"Gevelsberg, Ennepe-Ruhr-Kreis, Nordrhein-Westfalen, 58285, Deutschland"
Ennepe-Ruhr-Kreis,Hattingen,51.4007175,7.1862486,q1,"Hattingen, Ennepe-Ruhr-Kreis, Nordrhein-Westfalen, Deutschland"
Ennepe-Ruhr-Kreis,Herdecke,51.4069127,7.4278278,q1,"Herdecke, Ennepe-Ruhr-Kreis, Nordrhein-Westfalen, Deutschland"
Ennepe-Ruhr-Kreis,Schwelm,51.2841166,7.2924712,q1,"Schwelm, Ennepe-Ruhr-Kreis, Nordrhein-Westfalen, 58332, Deutschland"
Ennepe-Ruhr-Kreis,Sprockhoevel,51.3666572,7.2485905,q1,"Sprockhövel, Ennepe-Ruhr-Kreis, Nordrhein-Westfalen, 45549, Deutschland"
Ennepe-Ruhr-Kreis,Wetter (Ruhr),51.3879463,7.3951553,q1,"Wetter (Ruhr), Ennepe-Ruhr-Kreis, Nordrhein-Westfalen, 58300, Deutschland"
Ennepe-Ruhr-Kreis,Witten,51.4370171,7.335124,q1,"Witten, Ennepe-Ruhr-Kreis, Nordrhein-Westfalen, Deutschland"
Hochsauerlandkreis,Arnsberg,51.4002384,8.0605908,q1,"Arnsberg, Hochsauerlandkreis, Nordrhein-Westfalen, Deutschland"
Hochsauerlandkreis,Bestwig,51.3609508,8.4005554,q1,"Bestwig, Hochsauerlandkreis, Nordrhein-Westfalen, 59909, Deutschland"
Hochsauerlandkreis,Brilon,51.3955721,8.5677743,q1,"Brilon, Hochsauerlandkreis, Nordrhein-Westfalen, 59929, Deutschland"
Hochsauerlandkreis,Eslohe (Sauerland),51.2546768,8.1714439,q1,"Eslohe, Hochsauerlandkreis, Nordrhein-Westfalen, 59889, Deutschland"
Hochsauerlandkreis,Hallenberg,51.1096147,8.6201021,q1,"Hallenberg, Hochsauerlandkreis, Nordrhein-Westfalen, 59969, Deutschland"
Hochsauerlandkreis,Marsberg,51.4602168,8.8552071,q1,"Marsberg, Hochsauerlandkreis, Nordrhein-Westfalen, 34431, Deutschland"
Hochsauerlandkreis,Medebach,51.1974918,8.7044753,q1,"Medebach, Hochsauerlandkreis, Nordrhein-Westfalen, 59964, Deutschland"
Hochsauerlandkreis,Meschede,51.3436532,8.2859257,q1,"Meschede, Hochsauerlandkreis, Nordrhein-Westfalen, 59872, Deutschland"
Hochsauerlandkreis,Olsberg,51.355148,8.4893388,q1,"Olsberg, Hochsauerlandkreis, Nordrhein-Westfalen, 59939, Deutschland"
Hochsauerlandkreis,Schmallenberg,51.1525937,8.2836014,q1,"Schmallenberg, Hochsauerlandkreis, Nordrhein-Westfalen, 57392, Deutschland"
Hochsauerlandkreis,Sundern (Sauerland),51.329832,8.0072645,q1,"Sundern, Hochsauerlandkreis, Nordrhein-Westfalen, 59846, Deutschland"
Hochsauerlandkreis,Winterberg,51.1933391,8.5334064,q1,"Winterberg, Hochsauerlandkreis, Nordrhein-Westfalen, 59955, Deutschland"
Kreis Borken,Ahaus,52.0761541,7.004876,q1,"Ahaus, Kreis Borken, Nordrhein-Westfalen, 48683, Deutschland"
Kreis Borken,Bocholt,51.8382715,6.6148669,q1,"Bocholt, Kreis Borken, Nordrhein-Westfalen, Deutschland"
Kreis Borken,Borken,51.8444777,6.8583277,q1,"Borken, Kreis Borken, Nordrhein-Westfalen, 46325, Deutschland"
Kreis Borken,Gescher,51.956874,7.0038803,q1,"Gescher, Kreis Borken, Nordrhein-Westfalen, 48712, Deutschland"
Kreis Borken,Gronau (Westf.),52.2085731,7.0264443,q1,"Gronau, Kreis Borken, Nordrhein-Westfalen, 48599, Deutschland"
Kreis Borken,Heek,52.1242301,7.1011759,q1,"Heek, Kreis Borken, Nordrhein-Westfalen, 48619, Deutschland"
Kreis Borken,Heiden,51.8265212,6.9340589,q1,"Heiden, Kreis Borken, Nordrhein-Westfalen, 46359, Deutschland"
Kreis Borken,Isselburg,51.8344194,6.4614134,q1,"Isselburg, Kreis Borken, Nordrhein-Westfalen, 46419, Deutschland"
Kreis Borken,Legden,52.0306058,7.1057295,q1,"Legden, Kreis Borken, Nordrhein-Westfalen, 48739, Deutschland"
Kreis Borken,Raesfeld,51.7693754,6.8382379,q1,"Raesfeld, Kreis Borken, Nordrhein-Westfalen, 46348, Deutschland"
Kreis Borken,Reken,51.8311002,7.0441764,q1,"Reken, Kreis Borken, Nordrhein-Westfalen, 48734, Deutschland"
Kreis Borken,Rhede,51.8363135,6.696091,q1,"Rhede, Kreis Borken, Nordrhein-Westfalen, 46414, Deutschland"
Kreis Borken,Schoeppingen,52.0926043,7.2369135,q1,"Schöppingen, Kreis Borken, Nordrhein-Westfalen, 48624, Deutschland"
Kreis Borken,Stadtlohn,51.9928346,6.9173072,q1,"Stadtlohn, Kreis Borken, Nordrhein-Westfalen, 48703, Deutschland"
Kreis Borken,Suedlohn,51.9446284,6.8657729,q1,"Südlohn, Kreis Borken, Nordrhein-Westfalen, 46354, Deutschland"
Kreis Borken,Velen,51.8957136,6.9839073,q1,"Velen, Kreis Borken, Nordrhein-Westfalen, 46342, Deutschland"
Kreis Borken,Vreden,52.035862,6.8236481,q1,"Vreden, Kreis Borken, Nordrhein-Westfalen, 48691, Deutschland"
Kreis Coesfeld,Ascheberg,51.7886689,7.6196825,q1,"Ascheberg, Kreis Coesfeld, Nordrhein-Westfalen, 59387, Deutschland"
Kreis Coesfeld,Billerbeck,51.9773625,7.290923,q1,"Billerbeck, Kreis Coesfeld, Nordrhein-Westfalen, 48727, Deutschland"
Kreis Coesfeld,Coesfeld,51.9458943,7.1691108,q1,"Coesfeld, Kreis Coesfeld, Nordrhein-Westfalen, 48653, Deutschland"
Kreis Coesfeld,Duelmen,51.8283677,7.2791406,q1,"Dülmen, Kreis Coesfeld, Nordrhein-Westfalen, 48249, Deutschland"
Kreis Coesfeld,Havixbeck,51.9750878,7.4135736,q1,"Havixbeck, Kreis Coesfeld, Nordrhein-Westfalen, 48329, Deutschland"
Kreis Coesfeld,Luedinghausen,51.7717757,7.444639,q1,"Lüdinghausen, Kreis Coesfeld, Nordrhein-Westfalen, 59348, Deutschland"
Kreis Coesfeld,Nordkirchen,51.7380176,7.5251792,q1,"Nordkirchen, Kreis Coesfeld, Nordrhein-Westfalen, 59394, Deutschland"
Kreis Coesfeld,Nottuln,51.9296679,7.3532741,q1,"Nottuln, Kreis Coesfeld, Nordrhein-Westfalen, 48301, Deutschland"
Kreis Coesfeld,Olfen,51.7076224,7.3788047,q1,"Olfen, Kreis Coesfeld, Nordrhein-Westfalen, 59399, Deutschland"
Kreis Coesfeld,Rosendahl,52.0202372,7.196971,q1,"Rosendahl, Kreis Coesfeld, Nordrhein-Westfalen, 48720, Deutschland"
Kreis Coesfeld,Senden,51.8549598,7.4883046,q1,"Senden, Kreis Coesfeld, Nordrhein-Westfalen, 48308, Deutschland"
Kreis Dueren,Aldenhoven,50.8962734,6.2827943,q1,"Aldenhoven, Kreis Düren, Nordrhein-Westfalen, 52457, Deutschland"
Kreis Dueren,Dueren,50.8031684,6.4820806,q1,"Düren, Kreis Düren, Nordrhein-Westfalen, Deutschland"
Kreis Dueren,Heimbach,50.6344223,6.4765746,q1,"Heimbach, Kreis Düren, Nordrhein-Westfalen, 52396, Deutschland"
Kreis Dueren,Huertgenwald,50.7126569,6.3711778,q1,"Hürtgenwald, Kreis Düren, Nordrhein-Westfalen, 52393, Deutschland"
Kreis Dueren,Inden,50.8629537,6.3679576,q1,"Inden, Kreis Düren, Nordrhein-Westfalen, 52459, Deutschland"
Kreis Dueren,Juelich,50.9220931,6.3611015,q1,"Jülich, Kreis Düren, Nordrhein-Westfalen, 52428, Deutschland"
Kreis Dueren,Kreuzau,50.7468554,6.4893293,q1,"Kreuzau, Kreis Düren, Nordrhein-Westfalen, 52372, Deutschland"
Kreis Dueren,Langerwehe,50.801983,6.3681233,q1,"Langerwehe, Kreis Düren, Nordrhein-Westfalen, 52379, Deutschland"
Kreis Dueren,Linnich,50.9806294,6.2676208,q1,"Linnich, Kreis Düren, Nordrhein-Westfalen, 52441, Deutschland"
Kreis Dueren,Merzenich,50.8281277,6.5245079,q1,"Merzenich, Kreis Düren, Nordrhein-Westfalen, 52399, Deutschland"
Kreis Dueren,Nideggen,50.6913559,6.482614,q1,"Nideggen, Kreis Düren, Nordrhein-Westfalen, 52385, Deutschland"
Kreis Dueren,Niederzier,50.8833,6.46667,q1,"Niederzier, Kreis Düren, Nordrhein-Westfalen, 52382, Deutschland"
Kreis Dueren,Noervenich,50.8064333,6.6409632,q1,"Nörvenich, Kreis Düren, Nordrhein-Westfalen, 52388, Deutschland"
Kreis Dueren,Titz,51.0075203,6.4270178,q1,"Titz, Kreis Düren, Nordrhein-Westfalen, 52445, Deutschland"
Kreis Dueren,Vettweiss,50.7390509,6.5975269,q1,"Vettweiß, Kreis Düren, Nordrhein-Westfalen, 52391, Deutschland"
Kreis Euskirchen,Bad Muenstereifel,50.5545674,6.7636511,q1,"Bad Münstereifel, Kreis Euskirchen, Nordrhein-Westfalen, 53902, Deutschland"
Kreis Euskirchen,Blankenheim,50.4367928,6.6507388,q1,"Blankenheim, Kreis Euskirchen, Nordrhein-Westfalen, 53945, Deutschland"
Kreis Euskirchen,Dahlem,50.3863687,6.5464403,q1,"Dahlem, Kreis Euskirchen, Nordrhein-Westfalen, 53949, Deutschland"
Kreis Euskirchen,Euskirchen,50.66129,6.7871681,q1,"Euskirchen, Kreis Euskirchen, Nordrhein-Westfalen, Deutschland"
Kreis Euskirchen,Hellenthal,50.490997,6.435434,q1,"Hellenthal, Kreis Euskirchen, Nordrhein-Westfalen, 53940, Deutschland"
Kreis Euskirchen,Kall,50.5410021,6.5555751,q1,"Kall, Kreis Euskirchen, Nordrhein-Westfalen, 53925, Deutschland"
Kreis Euskirchen,Mechernich,50.5909999,6.6525479,q1,"Mechernich, Kreis Euskirchen, Nordrhein-Westfalen, 53894, Deutschland"
Kreis Euskirchen,Nettersheim,50.4913647,6.6288859,q1,"Nettersheim, Kreis Euskirchen, Nordrhein-Westfalen, 53947, Deutschland"
Kreis Euskirchen,Schleiden,50.5285919,6.4761556,q1,"Schleiden, Kreis Euskirchen, Nordrhein-Westfalen, 53937, Deutschland"
Kreis Euskirchen,Weilerswist,50.7580669,6.8407873,q1,"Weilerswist, Kreis Euskirchen, Nordrhein-Westfalen, 53919, Deutschland"
Kreis Euskirchen,Zuelpich,50.6922459,6.6472694,q1,"Zülpich, Kreis Euskirchen, Nordrhein-Westfalen, 53909, Deutschland"
Kreis Guetersloh,Borgholzhausen,52.1007247,8.3023897,q1,"Borgholzhausen, Kreis Gütersloh, Nordrhein-Westfalen, 33829, Deutschland"
Kreis Guetersloh,Guetersloh,51.9166621,8.4043282,q1,"Gütersloh, Kreis Gütersloh, Nordrhein-Westfalen, Deutschland"
Kreis Guetersloh,Halle (Westf.),52.0447282,8.3391899,q1,"Halle (Westf.), Kreis Gütersloh, Nordrhein-Westfalen, 33790, Deutschland"
Kreis Guetersloh,Harsewinkel,51.9617153,8.2252425,q1,"Harsewinkel, Kreis Gütersloh, Nordrhein-Westfalen, 33428, Deutschland"
Kreis Guetersloh,Herzebrock-Clarholz,51.8993207,8.2249038,q1,"Herzebrock-Clarholz, Kreis Gütersloh, Nordrhein-Westfalen, 33442, Deutschland"
Kreis Guetersloh,Langenberg,51.7755438,8.3158987,q1,"Langenberg, Kreis Gütersloh, Nordrhein-Westfalen, 33449, Deutschland"
Kreis Guetersloh,Rheda-Wiedenbrueck,51.8428202,8.2985615,q1,"Rheda-Wiedenbrück, Kreis Gütersloh, Nordrhein-Westfalen, 33378, Deutschland"
Kreis Guetersloh,Rietberg,51.8074106,8.4286614,q1,"Rietberg, Kreis Gütersloh, Nordrhein-Westfalen, 33397, Deutschland"
Kreis Guetersloh,Schloss Holte-Stukenbrock,51.9017108,8.6353438,q1,"Schloß Holte-Stukenbrock, Kreis Gütersloh, Nordrhein-Westfalen, 33758, Deutschland"
Kreis Guetersloh,Steinhagen,51.9996247,8.3836458,q1,"Steinhagen, Kreis Gütersloh, Nordrhein-Westfalen, 33803, Deutschland"
Kreis Guetersloh,Verl,51.8787331,8.5241969,q1,"Verl, Kreis Gütersloh, Nordrhein-Westfalen, 33415, Deutschland"
Kreis Guetersloh,Versmold,52.0416747,8.1493878,q1,"Versmold, Kreis Gütersloh, Nordrhein-Westfalen, 33775, Deutschland"
Kreis Guetersloh,Werther (Westf.),52.0855997,8.4279437,q1,"Werther (Westf.), Kreis Gütersloh, Nordrhein-Westfalen, 33824, Deutschland"
Kreis Heinsberg,Erkelenz,51.080992,6.3160684,q1,"Erkelenz, Kreis Heinsberg, Nordrhein-Westfalen, 41812, Deutschland"
Kreis Heinsberg,Gangelt,50.9928407,5.997057,q1,"Gangelt, Kreis Heinsberg, Nordrhein-Westfalen, 52538, Deutschland"
Kreis Heinsberg,Geilenkirchen,50.963605,6.1199802,q1,"Geilenkirchen, Kreis Heinsberg, Nordrhein-Westfalen, 52511, Deutschland"
Kreis Heinsberg,Heinsberg,51.0654268,6.0984461,q1,"Heinsberg, Kreis Heinsberg, Nordrhein-Westfalen, 52525, Deutschland"
Kreis Heinsberg,Hueckelhoven,51.0552368,6.2247322,q1,"Hückelhoven, Kreis Heinsberg, Nordrhein-Westfalen, 41836, Deutschland"
Kreis Heinsberg,Selfkant,51.02069,5.9217595,q1,"Selfkant, Kreis Heinsberg, Nordrhein-Westfalen, Deutschland"
Kreis Heinsberg,Uebach-Palenberg,50.9213799,6.1128698,q1,"Übach-Palenberg, Kreis Heinsberg, Nordrhein-Westfalen, 52531, Deutschland"
Kreis Heinsberg,Waldfeucht,51.0667342,5.9888122,q1,"Waldfeucht, Kreis Heinsberg, Nordrhein-Westfalen, Deutschland"
Kreis Heinsberg,Wassenberg,51.1007618,6.1561074,q1,"Wassenberg, Kreis Heinsberg, Nordrhein-Westfalen, 41849, Deutschland"
Kreis Heinsberg,Wegberg,51.1423588,6.2776865,q1,"Wegberg, Kreis Heinsberg, Nordrhein-Westfalen, 41844, Deutschland"
Kreis Herford,Buende,52.2004727,8.5828944,q1,"Bünde, Kreis Herford, Nordrhein-Westfalen, 32257, Deutschland"
Kreis Herford,Enger,52.1394015,8.5588818,q1,"Enger, Kreis Herford, Nordrhein-Westfalen, 32130, Deutschland"
Kreis Herford,Herford,52.1152245,8.6711118,q1,"Herford, Kreis Herford, Nordrhein-Westfalen, Deutschland"
Kreis Herford,Hiddenhausen,52.1530879,8.6394715,q1,"Hiddenhausen, Kreis Herford, Nordrhein-Westfalen, 32120, Deutschland"
Kreis Herford,Kirchlengern,52.1983452,8.6440034,q1,"Kirchlengern, Kreis Herford, Nordrhein-Westfalen, 32278, Deutschland"
Kreis Herford,Loehne,52.1990346,8.7141587,q1,"Löhne, Kreis Herford, Nordrhein-Westfalen, 32584, Deutschland"
Kreis Herford,Roedinghausen,52.2310301,8.497988,q1,"Rödinghausen, Kreis Herford, Nordrhein-Westfalen, 32289, Deutschland"
Kreis Herford,Spenge,52.1419264,8.4830331,q1,"Spenge, Kreis Herford, Nordrhein-Westfalen, 32139, Deutschland"
Kreis Herford,Vlotho,52.1664861,8.8619172,q1,"Vlotho, Kreis Herford, Nordrhein-Westfalen, 32602, Deutschland"
Kreis Hoexter,Bad Driburg,51.7366427,9.0175012,q1,"Bad Driburg, Kreis Höxter, Nordrhein-Westfalen, 33014, Deutschland"
Kreis Hoexter,Beverungen,51.6676535,9.3759072,q1,"Beverungen, Kreis Höxter, Nordrhein-Westfalen, 37688, Deutschland"
Kreis Hoexter,Borgentreich,51.5702348,9.2362761,q1,"Borgentreich, Kreis Höxter, Nordrhein-Westfalen, 34434, Deutschland"
Kreis Hoexter,Brakel,51.7168889,9.1841762,q1,"Brakel, Kreis Höxter, Nordrhein-Westfalen, 33034, Deutschland"
Kreis Hoexter,Hoexter,51.7938902,9.348855,q1,"Höxter, Kreis Höxter, Nordrhein-Westfalen, 37671, Deutschland"
Kreis Hoexter,Marienmuenster,51.8282084,9.2389221,q1,"Marienmünster, Kreis Höxter, Nordrhein-Westfalen, 37696, Deutschland"
Kreis Hoexter,Nieheim,51.8039402,9.1112266,q1,"Nieheim, Kreis Höxter, Nordrhein-Westfalen, 33039, Deutschland"
Kreis Hoexter,Steinheim,51.8660478,9.0942767,q1,"Steinheim, Kreis Höxter, Nordrhein-Westfalen, 32839, Deutschland"
Kreis Hoexter,Warburg,51.4886533,9.1488385,q1,"Warburg, Kreis Höxter, Nordrhein-Westfalen, 34414, Deutschland"
Kreis Hoexter,Willebadessen,51.6257785,9.034262,q1,"Willebadessen, Kreis Höxter, Nordrhein-Westfalen, 34439, Deutschland"
Kreis Kleve,Bedburg-Hau,51.7624802,6.1932936,q1,"Bedburg-Hau, Kreis Kleve, Nordrhein-Westfalen, 47551, Deutschland"
Kreis Kleve,Emmerich am Rhein,51.8322137,6.2428283,q1,"Emmerich am Rhein, Bedburg-Hau, Kreis Kleve, Nordrhein-Westfalen, 46446, Deutschland"
Kreis Kleve,Geldern,51.5169736,6.3228189,q1,"Geldern, Kreis Kleve, Nordrhein-Westfalen, 47608, Deutschland"
Kreis Kleve,Goch,51.6755765,6.1593045,q1,"Goch, Bedburg-Hau, Kreis Kleve, Nordrhein-Westfalen, 47574, Deutschland"
Kreis Kleve,Issum,51.5347321,6.4245085,q1,"Issum, Kreis Kleve, Nordrhein-Westfalen, 47661, Deutschland"
Kreis Kleve,Kalkar,51.7388793,6.2927546,q1,"Kalkar, Bedburg-Hau, Kreis Kleve, Nordrhein-Westfalen, 47546, Deutschland"
Kreis Kleve,Kerken,51.4533998,6.3908707,q1,"Kerken, Kreis Kleve, Nordrhein-Westfalen, 47647, Deutschland"
Kreis Kleve,Kevelaer,51.5802996,6.2456273,q1,"Kevelaer, Kreis Kleve, Nordrhein-Westfalen, Deutschland"
Kreis Kleve,Kleve,51.7895571,6.1376008,q1,"Kleve, Bedburg-Hau, Kreis Kleve, Nordrhein-Westfalen, 47533, Deutschland"
Kreis Kleve,Kranenburg,51.7895581,6.0074359,q1,"Kranenburg, Kreis Kleve, Nordrhein-Westfalen, Deutschland"
Kreis Kleve,Rees,51.7581242,6.3956605,q1,"Rees, Kreis Kleve, Nordrhein-Westfalen, 46459, Deutschland"
Kreis Kleve,Rheurdt,51.4677722,6.4690655,q1,"Rheurdt, Kreis Kleve, Nordrhein-Westfalen, 47509, Deutschland"
Kreis Kleve,Straelen,51.4439341,6.2694388,q1,"Straelen, Kreis Kleve, Nordrhein-Westfalen, 47638, Deutschland"
Kreis Kleve,Uedem,51.6686375,6.2735726,q1,"Uedem, Kreis Kleve, Nordrhein-Westfalen, 47589, Deutschland"
Kreis Kleve,Wachtendonk,51.4065422,6.3352922,q1,"Wachtendonk, Kreis Kleve, Nordrhein-Westfalen, 47669, Deutschland"
Kreis Kleve,Weeze,51.6267298,6.2011559,q1,"Weeze, Kreis Kleve, Nordrhein-Westfalen, 47652, Deutschland"
Kreis Lippe,Augustdorf,51.9092199,8.7382015,q1,"Augustdorf, Kreis Lippe, Nordrhein-Westfalen, 32832, Deutschland"
Kreis Lippe,Bad Salzuflen,52.0771518,8.7554739,q1,"Bad Salzuflen, Kreis Lippe, Nordrhein-Westfalen, Deutschland"
Kreis Lippe,Barntrup,51.9909552,9.1127565,q1,"Barntrup, Kreis Lippe, Nordrhein-Westfalen, 32683, Deutschland"
Kreis Lippe,Blomberg,51.9434473,9.0967908,q1,"Blomberg, Kreis Lippe, Nordrhein-Westfalen, 32825, Deutschland"
Kreis Lippe,Detmold,51.936284,8.8791526,q1,"Detmold, Kreis Lippe, Nordrhein-Westfalen, Deutschland"
Kreis Lippe,Doerentrup,52.0408142,9.0033681,q1,"Dörentrup, Kreis Lippe, Nordrhein-Westfalen, 32694, Deutschland"
Kreis Lippe,Extertal,52.0906649,9.0947816,q1,"Extertal, Kreis Lippe, Nordrhein-Westfalen, 32699, Deutschland"
Kreis Lippe,Horn-Bad Meinberg,51.8801277,8.9731695,q1,"Horn-Bad Meinberg, Kreis Lippe, Nordrhein-Westfalen, 32805, Deutschland"
Kreis Lippe,Kalletal,52.1097603,8.9588356,q1,"Kalletal, Kreis Lippe, Nordrhein-Westfalen, 32689, Deutschland"
Kreis Lippe,Lage,51.9914084,8.7919583,q1,"Lage, Kreis Lippe, Nordrhein-Westfalen, 32791, Deutschland"
Kreis Lippe,Lemgo,52.0280674,8.9012894,q1,"Lemgo, Kreis Lippe, Nordrhein-Westfalen, 32657, Deutschland"
Kreis Lippe,Leopoldshoehe,52.0064215,8.6888207,q1,"Leopoldshöhe, Kreis Lippe, Nordrhein-Westfalen, 33818, Deutschland"
Kreis Lippe,Luegde,51.9088111,9.2715714,q1,"Lügde, Kreis Lippe, Nordrhein-Westfalen, 32676, Deutschland"
Kreis Lippe,Oerlinghausen,51.9492295,8.673579,q1,"Oerlinghausen, Kreis Lippe, Nordrhein-Westfalen, 33813, Deutschland"
Kreis Lippe,Schieder-Schwalenberg,51.8980505,9.1751832,q1,"Schieder-Schwalenberg, Kreis Lippe, Nordrhein-Westfalen, 32816, Deutschland"
Kreis Lippe,Schlangen,51.8097549,8.8447903,q1,"Schlangen, Kreis Lippe, Nordrhein-Westfalen, 33189, Deutschland"
Kreis Mettmann,Erkrath,51.2209866,6.9056079,q1,"Erkrath, Kreis Mettmann, Nordrhein-Westfalen, 40699, Deutschland"
Kreis Mettmann,Haan,51.1954956,7.0085328,q1,"Haan, Kreis Mettmann, Nordrhein-Westfalen, 42781, Deutschland"
Kreis Mettmann,Heiligenhaus,51.32658,6.9710401,q1,"Heiligenhaus, Kreis Mettmann, Nordrhein-Westfalen, 42579, Deutschland"
Kreis Mettmann,Hilden,51.1674417,6.9307271,q1,"Hilden, Kreis Mettmann, Nordrhein-Westfalen, Deutschland"
Kreis Mettmann,Langenfeld (Rhld.),51.1008952,6.9459377,q1,"Langenfeld (Rheinland), Kreis Mettmann, Nordrhein-Westfalen, 40764, Deutschland"
Kreis Mettmann,Mettmann,51.2527778,6.9777778,q1,"Mettmann, Kreis Mettmann, Nordrhein-Westfalen, 40822, Deutschland"
Kreis Mettmann,Monheim am Rhein,51.0909476,6.8812387,q1,"Monheim am Rhein, Kreis Mettmann, Nordrhein-Westfalen, 40789, Deutschland"
Kreis Mettmann,Ratingen,51.2973261,6.8493503,q1,"Ratingen, Kreis Mettmann, Nordrhein-Westfalen, Deutschland"
Kreis Mettmann,Velbert,51.3406713,7.0439912,q1,"Velbert, Kreis Mettmann, Nordrhein-Westfalen, Deutschland"
Kreis Mettmann,Wuelfrath,51.2818569,7.0328063,q1,"Wülfrath, Kreis Mettmann, Nordrhein-Westfalen, 42489, Deutschland"
Kreis Minden-Luebbecke,Bad Oeynhausen,52.2014399,8.7981244,q1,"Bad Oeynhausen, Kreis Minden-Lübbecke, Nordrhein-Westfalen, Deutschland"
Kreis Minden-Luebbecke,Espelkamp,52.3778041,8.6157377,q1,"Espelkamp, Kreis Minden-Lübbecke, Nordrhein-Westfalen, 32339, Deutschland"
Kreis Minden-Luebbecke,Hille,52.3360492,8.7452571,q1,"Hille, Kreis Minden-Lübbecke, Nordrhein-Westfalen, 32479, Deutschland"
Kreis Minden-Luebbecke,Huellhorst,52.2737857,8.6704486,q1,"Hüllhorst, Kreis Minden-Lübbecke, Nordrhein-Westfalen, 32609, Deutschland"
Kreis Minden-Luebbecke,Luebbecke,52.3027209,8.6183054,q1,"Lübbecke, Kreis Minden-Lübbecke, Nordrhein-Westfalen, 32312, Deutschland"
Kreis Minden-Luebbecke,Minden,52.2881045,8.9168852,q1,"Minden, Kreis Minden-Lübbecke, Nordrhein-Westfalen, Deutschland"
Kreis Minden-Luebbecke,Petershagen,52.3756616,8.9668368,q1,"Petershagen, Kreis Minden-Lübbecke, Nordrhein-Westfalen, 32469, Deutschland"
Kreis Minden-Luebbecke,Porta Westfalica,52.2394431,8.924762,q1,"Porta Westfalica, Kreis Minden-Lübbecke, Nordrhein-Westfalen, 32457, Deutschland"
Kreis Minden-Luebbecke,Preussisch Oldendorf,52.3048433,8.4971557,q1,"Preußisch Oldendorf, Kreis Minden-Lübbecke, Nordrhein-Westfalen, 32361, Deutschland"
Kreis Minden-Luebbecke,Rahden (Westf.),52.0938015,8.4317055,q2,"Meyer zu Rahden, Häger, Werther (Westf.), Kreis Gütersloh, Nordrhein-Westfalen, 33824, Deutschland"
Kreis Minden-Luebbecke,Stemwede,52.4160447,8.4483173,q1,"Stemwede, Kreis Minden-Lübbecke, Nordrhein-Westfalen, 32351, Deutschland"
Kreis Olpe,Attendorn,51.1250541,7.9010992,q1,"Attendorn, Kreis Olpe, Nordrhein-Westfalen, 57439, Deutschland"
Kreis Olpe,Drolshagen,51.0237206,7.7770856,q1,"Drolshagen, Kreis Olpe, Nordrhein-Westfalen, 57489, Deutschland"
Kreis Olpe,Finnentrop,51.1729173,7.9724578,q1,"Finnentrop, Kreis Olpe, Nordrhein-Westfalen, 57413, Deutschland"
Kreis Olpe,Kirchhundem,51.0865424,8.0894126,q1,"Kirchhundem, Kreis Olpe, Nordrhein-Westfalen, 57399, Deutschland"
Kreis Olpe,Lennestadt,51.1245718,8.0568953,q1,"Lennestadt, Kreis Olpe, Nordrhein-Westfalen, 57368, Deutschland"
Kreis Olpe,Olpe,51.029482,7.8435278,q1,"Olpe, Kreis Olpe, Nordrhein-Westfalen, 57462, Deutschland"
Kreis Olpe,Wenden,50.9691051,7.8733251,q1,"Wenden, Kreis Olpe, Nordrhein-Westfalen, 57482, Deutschland"
Kreis Paderborn,Altenbeken,51.7617145,8.9454004,q1,"Altenbeken, Kreis Paderborn, Nordrhein-Westfalen, 33184, Deutschland"
Kreis Paderborn,Bad Lippspringe,51.7833,8.81667,q1,"Bad Lippspringe, Kreis Paderborn, Nordrhein-Westfalen, 33175, Deutschland"
Kreis Paderborn,Bad Wuennenberg,51.5169114,8.6986809,q1,"Bad Wünnenberg, Kreis Paderborn, Nordrhein-Westfalen, 33181, Deutschland"
Kreis Paderborn,Borchen,51.6610534,8.7231483,q1,"Borchen, Kreis Paderborn, Nordrhein-Westfalen, 33178, Deutschland"
Kreis Paderborn,Bueren,51.5525333,8.5591919,q1,"Büren, Kreis Paderborn, Nordrhein-Westfalen, 33142, Deutschland"
Kreis Paderborn,Delbrueck,51.7649178,8.5594953,q1,"Delbrück, Kreis Paderborn, Nordrhein-Westfalen, 33129, Deutschland"
Kreis Paderborn,Hoevelhof,51.8203938,8.6588368,q1,"Hövelhof, Kreis Paderborn, Nordrhein-Westfalen, 33161, Deutschland"
Kreis Paderborn,Lichtenau,51.6166977,8.8999978,q1,"Lichtenau, Kreis Paderborn, Nordrhein-Westfalen, 33165, Deutschland"
Kreis Paderborn,Paderborn,51.7177044,8.752653,q1,"Paderborn, Kreis Paderborn, Nordrhein-Westfalen, Deutschland"
Kreis Paderborn,Salzkotten,51.6717596,8.6068636,q1,"Salzkotten, Kreis Paderborn, Nordrhein-Westfalen, 33154, Deutschland"
Kreis Recklinghausen,Castrop-Rauxel,51.5646195,7.3106175,q1,"Castrop-Rauxel, Kreis Recklinghausen, Nordrhein-Westfalen, Deutschland"
Kreis Recklinghausen,Datteln,51.651468,7.3385906,q1,"Datteln, Kreis Recklinghausen, Nordrhein-Westfalen, 45711, Deutschland"
Kreis Recklinghausen,Dorsten,51.6604071,6.9647431,q1,"Dorsten, Kreis Recklinghausen, Nordrhein-Westfalen, Deutschland"
Kreis Recklinghausen,Gladbeck,51.5718665,6.9877343,q1,"Gladbeck, Kreis Recklinghausen, Nordrhein-Westfalen, Deutschland"
Kreis Recklinghausen,Haltern am See,51.7430516,7.187221,q1,"Haltern am See, Kreis Recklinghausen, Nordrhein-Westfalen, 45721, Deutschland"
Kreis Recklinghausen,Herten,51.5942009,7.1368071,q1,"Herten, Kreis Recklinghausen, Nordrhein-Westfalen, Deutschland"
Kreis Recklinghausen,Marl,51.6485843,7.0829054,q1,"Marl, Kreis Recklinghausen, Nordrhein-Westfalen, Deutschland"
Kreis Recklinghausen,Oer-Erkenschwick,51.6398512,7.2605914,q1,"Oer-Erkenschwick, Kreis Recklinghausen, Nordrhein-Westfalen, 45739, Deutschland"
Kreis Recklinghausen,Recklinghausen,51.6143815,7.1978546,q1,"Recklinghausen, Kreis Recklinghausen, Nordrhein-Westfalen, Deutschland"
Kreis Recklinghausen,Waltrop,51.6237456,7.400959,q1,"Waltrop, Kreis Recklinghausen, Nordrhein-Westfalen, 45731, Deutschland"
Kreis Siegen-Wittgenstein,Bad Berleburg,51.0478493,8.3917759,q1,"Bad Berleburg, Kreis Siegen-Wittgenstein, Nordrhein-Westfalen, 57319, Deutschland"
Kreis Siegen-Wittgenstein,Bad Laasphe,50.9271541,8.4123648,q1,"Bad Laasphe, Kreis Siegen-Wittgenstein, Nordrhein-Westfalen, 57334, Deutschland"
Kreis Siegen-Wittgenstein,Burbach,50.743984,8.085531,q1,"Burbach, Kreis Siegen-Wittgenstein, Nordrhein-Westfalen, 57299, Deutschland"
Kreis Siegen-Wittgenstein,Erndtebrueck,50.9893997,8.2561315,q1,"Erndtebrück, Kreis Siegen-Wittgenstein, Nordrhein-Westfalen, 57339, Deutschland"
Kreis Siegen-Wittgenstein,Freudenberg,50.8983662,7.8773745,q1,"Freudenberg, Kreis Siegen-Wittgenstein, Nordrhein-Westfalen, 57258, Deutschland"
Kreis Siegen-Wittgenstein,Hilchenbach,50.9935863,8.107365,q1,"Hilchenbach, Kreis Siegen-Wittgenstein, Nordrhein-Westfalen, 57271, Deutschland"
Kreis Siegen-Wittgenstein,Kreuztal,50.9598627,7.9896202,q1,"Kreuztal, Kreis Siegen-Wittgenstein, Nordrhein-Westfalen, 57223, Deutschland"
Kreis Siegen-Wittgenstein,Netphen,50.9125904,8.1026183,q1,"Netphen, Kreis Siegen-Wittgenstein, Nordrhein-Westfalen, 57250, Deutschland"
Kreis Siegen-Wittgenstein,Neunkirchen,50.7891705,8.0009633,q1,"Neunkirchen, Kreis Siegen-Wittgenstein, Nordrhein-Westfalen, 57290, Deutschland"
Kreis Siegen-Wittgenstein,Siegen,50.8751175,8.0256131,q1,"Siegen, Kreis Siegen-Wittgenstein, Nordrhein-Westfalen, Deutschland"
Kreis Siegen-Wittgenstein,Wilnsdorf,50.815728,8.1043638,q1,"Wilnsdorf, Kreis Siegen-Wittgenstein, Nordrhein-Westfalen, 57234, Deutschland"
Kreis Soest,Anroechte,51.5597886,8.3247323,q1,"Anröchte, Kreis Soest, Nordrhein-Westfalen, 59609, Deutschland"
Kreis Soest,Bad Sassendorf,51.5858518,8.1692402,q1,"Bad Sassendorf, Kreis Soest, Nordrhein-Westfalen, 59505, Deutschland"
Kreis Soest,Ense,51.502011,7.9722118,q1,"Ense, Kreis Soest, Nordrhein-Westfalen, 59469, Deutschland"
Kreis Soest,Erwitte,51.61431,8.3396662,q1,"Erwitte, Kreis Soest, Nordrhein-Westfalen, 59597, Deutschland"
Kreis Soest,Geseke,51.6395322,8.512578,q1,"Geseke, Kreis Soest, Nordrhein-Westfalen, 59590, Deutschland"
Kreis Soest,Lippetal,51.6516157,8.0787633,q1,"Lippetal, Kreis Soest, Nordrhein-Westfalen, 59510, Deutschland"
Kreis Soest,Lippstadt,51.6747074,8.347194,q1,"Lippstadt, Kreis Soest, Nordrhein-Westfalen, Deutschland"
Kreis Soest,Moehnesee,51.5,8.13333,q1,"Möhnesee, Kreis Soest, Nordrhein-Westfalen, 59519, Deutschland"
Kreis Soest,Ruethen,51.4911392,8.4330329,q1,"Rüthen, Kreis Soest, Nordrhein-Westfalen, 59602, Deutschland"
Kreis Soest,Soest,51.5725501,8.1061259,q1,"Soest, Kreis Soest, Nordrhein-Westfalen, 59494, Deutschland"
Kreis Soest,Warstein,51.4458105,8.3536824,q1,"Warstein, Kreis Soest, Nordrhein-Westfalen, 59581, Deutschland"
Kreis Soest,Welver,51.6176148,7.9572144,q1,"Welver, Kreis Soest, Nordrhein-Westfalen, 59514, Deutschland"
Kreis Soest,Werl,51.5533457,7.9155558,q1,"Werl, Kreis Soest, Nordrhein-Westfalen, 59457, Deutschland"
Kreis Soest,Wickede (Ruhr),51.4960475,7.8696034,q1,"Wickede (Ruhr), Kreis Soest, Nordrhein-Westfalen, 58739, Deutschland"
Kreis Steinfurt,Emsdetten,52.174687,7.5301756,q1,"Emsdetten, Kreis Steinfurt, Nordrhein-Westfalen, 48282, Deutschland"
Kreis Steinfurt,Greven,52.0929254,7.6120326,q1,"Greven, Kreis Steinfurt, Nordrhein-Westfalen, Deutschland"
Kreis Steinfurt,Hoerstel,52.2973664,7.5862462,q1,"Hörstel, Kreis Steinfurt, Nordrhein-Westfalen, 48477, Deutschland"
Kreis Steinfurt,Hopsten,52.3791887,7.603994,q1,"Hopsten, Kreis Steinfurt, Nordrhein-Westfalen, 48496, Deutschland"
Kreis Steinfurt,Horstmar,52.0811414,7.3034425,q1,"Horstmar, Kreis Steinfurt, Nordrhein-Westfalen, 48612, Deutschland"
Kreis Steinfurt,Ibbenbueren,52.2774772,7.7151417,q1,"Ibbenbüren, Kreis Steinfurt, Nordrhein-Westfalen, Deutschland"
Kreis Steinfurt,Ladbergen,52.1363237,7.7391678,q1,"Ladbergen, Kreis Steinfurt, Nordrhein-Westfalen, 49549, Deutschland"
Kreis Steinfurt,Laer,52.0539793,7.3602241,q1,"Laer, Kreis Steinfurt, Nordrhein-Westfalen, 48366, Deutschland"
Kreis Steinfurt,Lengerich,52.1887731,7.8508691,q1,"Lengerich, Kreis Steinfurt, Nordrhein-Westfalen, 49525, Deutschland"
Kreis Steinfurt,Lienen,52.1467353,7.9747711,q1,"Lienen, Kreis Steinfurt, Nordrhein-Westfalen, 49536, Deutschland"
Kreis Steinfurt,Lotte,52.2752188,7.9159335,q1,"Lotte, Kreis Steinfurt, Nordrhein-Westfalen, Deutschland"
Kreis Steinfurt,Metelen,52.1450626,7.2117729,q1,"Metelen, Kreis Steinfurt, Nordrhein-Westfalen, 48629, Deutschland"
Kreis Steinfurt,Mettingen,52.3161663,7.7836981,q1,"Mettingen, Kreis Steinfurt, Nordrhein-Westfalen, 49497, Deutschland"
Kreis Steinfurt,Neuenkirchen,52.2434317,7.3716252,q1,"Neuenkirchen, Kreis Steinfurt, Nordrhein-Westfalen, 48485, Deutschland"
Kreis Steinfurt,Nordwalde,52.0841354,7.480264,q1,"Nordwalde, Kreis Steinfurt, Nordrhein-Westfalen, 48356, Deutschland"
Kreis Steinfurt,Ochtrup,52.2102308,7.188806,q1,"Ochtrup, Kreis Steinfurt, Nordrhein-Westfalen, 48607, Deutschland"
Kreis Steinfurt,Recke,52.3702697,7.7175072,q1,"Recke, Kreis Steinfurt, Nordrhein-Westfalen, 49509, Deutschland"
Kreis Steinfurt,Rheine,52.2797707,7.4373615,q1,"Rheine, Kreis Steinfurt, Nordrhein-Westfalen, Deutschland"
Kreis Steinfurt,Saerbeck,52.1749391,7.6349894,q1,"Saerbeck, Kreis Steinfurt, Nordrhein-Westfalen, 48369, Deutschland"
Kreis Steinfurt,Steinfurt,52.138683,7.3678356,q1,"Steinfurt, Kreis Steinfurt, Nordrhein-Westfalen, 48565, Deutschland"
Kreis Steinfurt,Tecklenburg,52.2202557,7.8134148,q1,"Tecklenburg, Kreis Steinfurt, Nordrhein-Westfalen, 49545, Deutschland"
Kreis Steinfurt,Westerkappeln,52.3141716,7.8772237,q1,"Westerkappeln, Kreis Steinfurt, Nordrhein-Westfalen, 49492, Deutschland"
Kreis Steinfurt,Wettringen,52.2103897,7.3218939,q1,"Wettringen, Kreis Steinfurt, Nordrhein-Westfalen, 48493, Deutschland"
Kreis Unna,Bergkamen,51.6149389,7.6362876,q1,"Bergkamen, Kreis Unna, Nordrhein-Westfalen, 59192, Deutschland"
Kreis Unna,Boenen,51.598077,7.7588538,q1,"Bönen, Kreis Unna, Nordrhein-Westfalen, 59199, Deutschland"
Kreis Unna,Froendenberg/Ruhr,51.4739253,7.765505,q1,"Fröndenberg/Ruhr, Kreis Unna, Nordrhein-Westfalen, 58730, Deutschland"
Kreis Unna,Holzwickede,51.5007037,7.6186433,q1,"Holzwickede, Kreis Unna, Nordrhein-Westfalen, 59439, Deutschland"
Kreis Unna,Kamen,51.5918019,7.6616804,q1,"Kamen, Kreis Unna, Nordrhein-Westfalen, 59174, Deutschland"
Kreis Unna,Luenen,51.6142482,7.5228088,q1,"Lünen, Kreis Unna, Nordrhein-Westfalen, Deutschland"
Kreis Unna,Schwerte,51.445525,7.5674652,q1,"Schwerte, Kreis Unna, Nordrhein-Westfalen, 58239, Deutschland"
Kreis Unna,Selm,51.7005549,7.468614,q1,"Selm, Kreis Unna, Nordrhein-Westfalen, 59379, Deutschland"
Kreis Unna,Unna,51.5348835,7.689014,q1,"Unna, Kreis Unna, Nordrhein-Westfalen, Deutschland"
Kreis Unna,Werne,51.66268,7.6355052,q1,"Werne, Kreis Unna, Nordrhein-Westfalen, 59368, Deutschland"
Kreis Viersen,Brueggen,51.2430813,6.1812296,q1,"Brüggen, Kreis Viersen, Nordrhein-Westfalen, 41379, Deutschland"
Kreis Viersen,Grefrath,51.336077,6.343738,q1,"Grefrath, Tönisvorst, Kreis Viersen, Nordrhein-Westfalen, 47929, Deutschland"
Kreis Viersen,Kempen,51.3642126,6.4195011,q1,"Kempen, Kreis Viersen, Nordrhein-Westfalen, 47906, Deutschland"
Kreis Viersen,Nettetal,51.3155092,6.2714171,q1,"Nettetal, Kreis Viersen, Nordrhein-Westfalen, 41334, Deutschland"
Kreis Viersen,Niederkruechten,51.2000398,6.2196622,q1,"Niederkrüchten, Kreis Viersen, Nordrhein-Westfalen, 41372, Deutschland"
Kreis Viersen,Schwalmtal,51.22727,6.270687,q1,"Schwalmtal, Kreis Viersen, Nordrhein-Westfalen, 41366, Deutschland"
Kreis Viersen,Toenisvorst,51.3167,6.45,q1,"Tönisvorst, Kreis Viersen, Nordrhein-Westfalen, 47918, Deutschland"
Kreis Viersen,Viersen,51.2562118,6.3905476,q1,"Viersen, Kreis Viersen, Nordrhein-Westfalen, Deutschland"
Kreis Viersen,Willich,51.2641433,6.5446958,q1,"Willich, Kreis Viersen, Nordrhein-Westfalen, 47877, Deutschland"
Kreis Warendorf,Ahlen,51.7627633,7.8909086,q1,"Ahlen, Kreis Warendorf, Nordrhein-Westfalen, Deutschland"
Kreis Warendorf,Beckum,51.7555148,8.041135,q1,"Beckum, Kreis Warendorf, Nordrhein-Westfalen, 59269, Deutschland"
Kreis Warendorf,Beelen,51.9300366,8.117842,q1,"Beelen, Kreis Warendorf, Nordrhein-Westfalen, 48361, Deutschland"
Kreis Warendorf,Drensteinfurt,51.7972657,7.7418147,q1,"Drensteinfurt, Kreis Warendorf, Nordrhein-Westfalen, 48317, Deutschland"
Kreis Warendorf,Ennigerloh,51.8359553,8.0255988,q1,"Ennigerloh, Kreis Warendorf, Nordrhein-Westfalen, 59320, Deutschland"
Kreis Warendorf,Everswinkel,51.9240796,7.8472978,q1,"Everswinkel, Kreis Warendorf, Nordrhein-Westfalen, 48351, Deutschland"
Kreis Warendorf,Oelde,51.8260823,8.1453352,q1,"Oelde, Kreis Warendorf, Nordrhein-Westfalen, 59302, Deutschland"
Kreis Warendorf,Ostbevern,52.0362198,7.8400336,q1,"Ostbevern, Kreis Warendorf, Nordrhein-Westfalen, 48346, Deutschland"
Kreis Warendorf,Sassenberg,51.9882058,8.0407212,q1,"Sassenberg, Kreis Warendorf, Nordrhein-Westfalen, 48336, Deutschland"
Kreis Warendorf,Sendenhorst,51.8444362,7.8273931,q1,"Sendenhorst, Kreis Warendorf, Nordrhein-Westfalen, 48324, Deutschland"
Kreis Warendorf,Telgte,51.983522,7.784859,q1,"Telgte, Kreis Warendorf, Nordrhein-Westfalen, 48291, Deutschland"
Kreis Warendorf,Wadersloh,51.7375008,8.2463851,q1,"Wadersloh, Kreis Warendorf, Nordrhein-Westfalen, Deutschland"
Kreis Warendorf,Warendorf,51.9532449,7.9912335,q1,"Warendorf, Kreis Warendorf, Nordrhein-Westfalen, 48231, Deutschland"
Kreis Wesel,Alpen,51.5767474,6.5128805,q1,"Alpen, Kreis Wesel, Nordrhein-Westfalen, 46519, Deutschland"
Kreis Wesel,Dinslaken,51.5623618,6.7345106,q1,"Dinslaken, Kreis Wesel, Nordrhein-Westfalen, Deutschland"
Kreis Wesel,Hamminkeln,51.7306922,6.590865,q1,"Hamminkeln, Kreis Wesel, Nordrhein-Westfalen, 46499, Deutschland"
Kreis Wesel,Huenxe,51.6414581,6.7660319,q1,"Hünxe, Kreis Wesel, Nordrhein-Westfalen, 46569, Deutschland"
Kreis Wesel,Kamp-Lintfort,51.5017981,6.547923,q1,"Kamp-Lintfort, Kreis Wesel, Nordrhein-Westfalen, 47475, Deutschland"
Kreis Wesel,Moers,51.451283,6.62843,q1,"Moers, Kreis Wesel, Nordrhein-Westfalen, Deutschland"
Kreis Wesel,Neukirchen-Vluyn,51.4413742,6.5467641,q1,"Neukirchen-Vluyn, Kreis Wesel, Nordrhein-Westfalen, 47506, Deutschland"
Kreis Wesel,Rheinberg,51.5458979,6.6014097,q1,"Rheinberg, Kreis Wesel, Nordrhein-Westfalen, 47495, Deutschland"
Kreis Wesel,Schermbeck,51.6926147,6.870219,q1,"Schermbeck, Kreis Wesel, Nordrhein-Westfalen, 46514, Deutschland"
Kreis Wesel,Sonsbeck,51.6094069,6.3760442,q1,"Sonsbeck, Kreis Wesel, Nordrhein-Westfalen, 47665, Deutschland"
Kreis Wesel,Voerde (Niederrhein),51.5975224,6.6811994,q1,"Voerde (Niederrhein), Kreis Wesel, Nordrhein-Westfalen, 46562, Deutschland"
Kreis Wesel,Wesel,51.6576909,6.617087,q1,"Wesel, Kreis Wesel, Nordrhein-Westfalen, Deutschland"
Kreis Wesel,Xanten,51.661519,6.4543203,q1,"Xanten, Kreis Wesel, Nordrhein-Westfalen, 46509, Deutschland"
Maerkischen Kreis,Altena,51.2990263,7.6734841,q2,"Altena, Märkischer Kreis, Nordrhein-Westfalen, 58762, Deutschland"
Maerkischen Kreis,Balve,51.3326498,7.8670563,q2,"Balve, Märkischer Kreis, Nordrhein-Westfalen, 58802, Deutschland"
Maerkischen Kreis,Halver,51.1874423,7.4987312,q2,"Halver, Märkischer Kreis, Nordrhein-Westfalen, 58553, Deutschland"
Maerkischen Kreis,Hemer,51.3854116,7.7661798,q2,"Hemer, Märkischer Kreis, Nordrhein-Westfalen, 58675, Deutschland"
Maerkischen Kreis,Herscheid,51.1795935,7.7443634,q2,"Herscheid, Märkischer Kreis, Nordrhein-Westfalen, 58849, Deutschland"
Maerkischen Kreis,Iserlohn,51.3746778,7.6999713,q2,"Iserlohn, Märkischer Kreis, Nordrhein-Westfalen, Deutschland"
Maerkischen Kreis,Kierspe,51.1278531,7.6006513,q2,"Kierspe, Märkischer Kreis, Nordrhein-Westfalen, 58566, Deutschland"
Maerkischen Kreis,Luedenscheid,51.218137,7.6396975,q2,"Lüdenscheid, Märkischer Kreis, Nordrhein-Westfalen, Deutschland"
Maerkischen Kreis,Meinerzhagen,51.1063495,7.6408956,q2,"Meinerzhagen, Märkischer Kreis, Nordrhein-Westfalen, 58540, Deutschland"
Maerkischen Kreis,Menden (Sauerland),51.43779,7.7953822,q2,"Menden (Sauerland), Märkischer Kreis, Nordrhein-Westfalen, Deutschland"
Maerkischen Kreis,Nachrodt-Wiblingwerde,51.3099097,7.6157802,q2,"Nachrodt-Wiblingwerde, Märkischer Kreis, Nordrhein-Westfalen, 58769, Deutschland"
Maerkischen Kreis,Neuenrade,51.2831254,7.7830374,q2,"Neuenrade, Märkischer Kreis, Nordrhein-Westfalen, 58809, Deutschland"
Maerkischen Kreis,Plettenberg,51.2136798,7.8745627,q2,"Plettenberg, Märkischer Kreis, Nordrhein-Westfalen, 58840, Deutschland"
Maerkischen Kreis,Schalksmuehle,51.2412334,7.5289145,q2,"Schalksmühle, Märkischer Kreis, Nordrhein-Westfalen, 58579, Deutschland"
Maerkischen Kreis,Werdohl,51.257732,7.7642148,q2,"Werdohl, Märkischer Kreis, Nordrhein-Westfalen, 58791, Deutschland"
Oberbergischen Kreis,Bergneustadt,51.0207425,7.6490729,q2,"Bergneustadt, Oberbergischer Kreis, Nordrhein-Westfalen, 51702, Deutschland"
Oberbergischen Kreis,Engelskirchen,50.9872964,7.4084206,q2,"Engelskirchen, Oberbergischer Kreis, Nordrhein-Westfalen, 51766, Deutschland"
Oberbergischen Kreis,Gummersbach,51.0277658,7.5630545,q2,"Gummersbach, Oberbergischer Kreis, Nordrhein-Westfalen, Deutschland"
Oberbergischen Kreis,Hueckeswagen,51.1504872,7.3413999,q2,"Hückeswagen, Oberbergischer Kreis, Nordrhein-Westfalen, Deutschland"
Oberbergischen Kreis,Lindlar,51.0186197,7.3779933,q2,"Lindlar, Oberbergischer Kreis, Nordrhein-Westfalen, 51789, Deutschland"
Oberbergischen Kreis,Marienheide,51.0833099,7.5317911,q2,"Marienheide, Oberbergischer Kreis, Nordrhein-Westfalen, 51709, Deutschland"
Oberbergischen Kreis,Morsbach,50.8642805,7.7282903,q2,"Morsbach, Oberbergischer Kreis, Nordrhein-Westfalen, 51597, Deutschland"
Oberbergischen Kreis,Nuembrecht,50.9033978,7.5409481,q2,"Nümbrecht, Oberbergischer Kreis, Nordrhein-Westfalen, 51588, Deutschland"
Oberbergischen Kreis,Radevormwald,51.2029228,7.3571392,q2,"Radevormwald, Oberbergischer Kreis, Nordrhein-Westfalen, 42477, Deutschland"
Oberbergischen Kreis,Reichshof,50.9507695,7.6911008,q2,"Reichshof, Oberbergischer Kreis, Nordrhein-Westfalen, 51580, Deutschland"
Oberbergischen Kreis,Waldbroel,50.8751813,7.6159479,q2,"Waldbröl, Oberbergischer Kreis, Nordrhein-Westfalen, 51545, Deutschland"
Oberbergischen Kreis,Wiehl,50.9478489,7.5530059,q2,"Wiehl, Oberbergischer Kreis, Nordrhein-Westfalen, 51674, Deutschland"
Oberbergischen Kreis,Wipperfuerth,51.1155182,7.3879068,q2,"Wipperfürth, Oberbergischer Kreis, Nordrhein-Westfalen, 51688, Deutschland"
Rhein-Erft-Kreis,Bedburg,50.9972161,6.5767648,q1,"Bedburg, Rhein-Erft-Kreis, Nordrhein-Westfalen, 50181, Deutschland"
Rhein-Erft-Kreis,Bergheim,50.9540457,6.6410004,q1,"Bergheim, Rhein-Erft-Kreis, Nordrhein-Westfalen, Deutschland"
Rhein-Erft-Kreis,Bruehl,50.8291313,6.9037057,q1,"Brühl, Rhein-Erft-Kreis, Nordrhein-Westfalen, 50321, Deutschland"
Rhein-Erft-Kreis,Elsdorf,50.9371308,6.5698302,q1,"Elsdorf, Rhein-Erft-Kreis, Nordrhein-Westfalen, 50189, Deutschland"
Rhein-Erft-Kreis,Erftstadt,50.8027168,6.8031625,q1,"Erftstadt, Rhein-Erft-Kreis, Nordrhein-Westfalen, 50374, Deutschland"
Rhein-Erft-Kreis,Frechen,50.9096219,6.8081935,q1,"Frechen, Rhein-Erft-Kreis, Nordrhein-Westfalen, 50226, Deutschland"
Rhein-Erft-Kreis,Huerth,50.8807379,6.876568,q1,"Hürth, Rhein-Erft-Kreis, Nordrhein-Westfalen, 50354, Deutschland"
Rhein-Erft-Kreis,Kerpen,50.8696345,6.694734,q1,"Kerpen, Rhein-Erft-Kreis, Nordrhein-Westfalen, Deutschland"
Rhein-Erft-Kreis,Pulheim,50.9979888,6.8025409,q1,"Pulheim, Rhein-Erft-Kreis, Nordrhein-Westfalen, 50259, Deutschland"
Rhein-Erft-Kreis,Wesseling,50.8247166,6.9810852,q1,"Wesseling, Rhein-Erft-Kreis, Nordrhein-Westfalen, 50389, Deutschland"
Rhein-Kreis Neuss,Dormagen,51.0934389,6.8416158,q1,"Dormagen, Rhein-Kreis Neuss, Nordrhein-Westfalen, Deutschland"
Rhein-Kreis Neuss,Grevenbroich,51.0862467,6.5848937,q1,"Grevenbroich, Rhein-Kreis Neuss, Nordrhein-Westfalen, Deutschland"
Rhein-Kreis Neuss,Juechen,51.1017138,6.5036893,q1,"Jüchen, Rhein-Kreis Neuss, Nordrhein-Westfalen, 41363, Deutschland"
Rhein-Kreis Neuss,Kaarst,51.226675,6.6193924,q1,"Kaarst, Rhein-Kreis Neuss, Nordrhein-Westfalen, 41564, Deutschland"
Rhein-Kreis Neuss,Korschenbroich,51.1902651,6.5143539,q1,"Korschenbroich, Rhein-Kreis Neuss, Nordrhein-Westfalen, 41352, Deutschland"
Rhein-Kreis Neuss,Meerbusch,51.2652237,6.6760958,q1,"Meerbusch, Rhein-Kreis Neuss, Nordrhein-Westfalen, Deutschland"
Rhein-Kreis Neuss,Neuss,51.1981778,6.6916476,q1,"Neuss, Rhein-Kreis Neuss, Nordrhein-Westfalen, Deutschland"
Rhein-Kreis Neuss,Rommerskirchen,51.0633574,6.6978814,q1,"Rommerskirchen, Rhein-Kreis Neuss, Nordrhein-Westfalen, 41569, Deutschland"
Rhein-Sieg-Kreis,Alfter,50.7370665,7.0093699,q1,"Alfter, Rhein-Sieg-Kreis, Nordrhein-Westfalen, 53347, Deutschland"
Rhein-Sieg-Kreis,Bad Honnef,50.6448582,7.2272534,q1,"Bad Honnef, Rhein-Sieg-Kreis, Nordrhein-Westfalen, 53604, Deutschland"
Rhein-Sieg-Kreis,Bornheim,50.7627913,6.9890508,q1,"Bornheim, Rhein-Sieg-Kreis, Nordrhein-Westfalen, 53332, Deutschland"
Rhein-Sieg-Kreis,Eitorf,50.7710301,7.450353,q1,"Eitorf, Rhein-Sieg-Kreis, Nordrhein-Westfalen, 53783, Deutschland"
Rhein-Sieg-Kreis,Hennef (Sieg),50.7754417,7.2847945,q1,"Hennef (Sieg), Rhein-Sieg-Kreis, Nordrhein-Westfalen, 53773, Deutschland"
Rhein-Sieg-Kreis,Koenigswinter,50.6739719,7.1930989,q1,"Königswinter, Rhein-Sieg-Kreis, Nordrhein-Westfalen, 53639, Deutschland"
Rhein-Sieg-Kreis,Lohmar,50.8402243,7.2127276,q1,"Lohmar, Rhein-Sieg-Kreis, Nordrhein-Westfalen, 53797, Deutschland"
Rhein-Sieg-Kreis,Meckenheim,50.6256627,7.0215612,q1,"Meckenheim, Rhein-Sieg-Kreis, Nordrhein-Westfalen, 53340, Deutschland"
Rhein-Sieg-Kreis,Much,50.9044492,7.4017528,q1,"Much, Rhein-Sieg-Kreis, Nordrhein-Westfalen, 53804, Deutschland"
Rhein-Sieg-Kreis,Neunkirchen-Seelscheid,50.8545062,7.3294965,q1,"Neunkirchen-Seelscheid, Rhein-Sieg-Kreis, Nordrhein-Westfalen, 53819, Deutschland"
Rhein-Sieg-Kreis,Niederkassel,50.8137102,7.0351942,q1,"Niederkassel, Rhein-Sieg-Kreis, Nordrhein-Westfalen, 53859, Deutschland"
Rhein-Sieg-Kreis,Rheinbach,50.6256808,6.9491436,q1,"Rheinbach, Rhein-Sieg-Kreis, Nordrhein-Westfalen, 53359, Deutschland"
Rhein-Sieg-Kreis,Ruppichteroth,50.8442268,7.4833708,q1,"Ruppichteroth, Rhein-Sieg-Kreis, Nordrhein-Westfalen, 53809, Deutschland"
Rhein-Sieg-Kreis,Sankt Augustin,50.7752776,7.1895507,q1,"Sankt Augustin, Rhein-Sieg-Kreis, Nordrhein-Westfalen, 53757, Deutschland"
Rhein-Sieg-Kreis,Siegburg,50.7928332,7.2070774,q1,"Siegburg, Rhein-Sieg-Kreis, Nordrhein-Westfalen, 53721, Deutschland"
Rhein-Sieg-Kreis,Swisttal,50.6839696,6.9311775,q1,"Swisttal, Rhein-Sieg-Kreis, Nordrhein-Westfalen, 53913, Deutschland"
Rhein-Sieg-Kreis,Troisdorf,50.8153071,7.1593271,q1,"Troisdorf, Rhein-Sieg-Kreis, Nordrhein-Westfalen, Deutschland"
Rhein-Sieg-Kreis,Wachtberg,50.6435631,7.0882889,q1,"Wachtberg, Rhein-Sieg-Kreis, Nordrhein-Westfalen, 53343, Deutschland"
Rhein-Sieg-Kreis,Windeck,50.7977107,7.5746042,q1,"Windeck, Rhein-Sieg-Kreis, Nordrhein-Westfalen, 51570, Deutschland"
Rheinisch-Bergischen Kreis,Bergisch Gladbach,50.9929303,7.1277379,q2,"Bergisch Gladbach, Rheinisch-Bergischer Kreis, Nordrhein-Westfalen, Deutschland"
Rheinisch-Bergischen Kreis,Burscheid,51.0824722,7.1212314,q2,"Burscheid, Rheinisch-Bergischer Kreis, Nordrhein-Westfalen, 51399, Deutschland"
Rheinisch-Bergischen Kreis,Kuerten,51.0540204,7.2612771,q2,"Kürten, Rheinisch-Bergischer Kreis, Nordrhein-Westfalen, 51515, Deutschland"
Rheinisch-Bergischen Kreis,Leichlingen (Rhld.),51.1059639,7.0140304,q2,"Leichlingen, Rheinisch-Bergischer Kreis, Nordrhein-Westfalen, 42799, Deutschland"
Rheinisch-Bergischen Kreis,Odenthal,51.032668,7.1171525,q2,"Odenthal, Rheinisch-Bergischer Kreis, Nordrhein-Westfalen, 51519, Deutschland"
Rheinisch-Bergischen Kreis,Overath,50.9320015,7.2839042,q2,"Overath, Rheinisch-Bergischer Kreis, Nordrhein-Westfalen, 51491, Deutschland"
Rheinisch-Bergischen Kreis,Roesrath,50.8963758,7.1825445,q2,"Rösrath, Rheinisch-Bergischer Kreis, Nordrhein-Westfalen, 51503, Deutschland"
Rheinisch-Bergischen Kreis,Wermelskirchen,51.1406481,7.2156901,q2,"Wermelskirchen, Rheinisch-Bergischer Kreis, Nordrhein-Westfalen, 42929, Deutschland"
Stadt Bielefeld,Bielefeld,52.0191005,8.531007,q2,"Bielefeld, Nordrhein-Westfalen, Deutschland"
Stadt Bochum,Bochum,51.4818111,7.2196635,q2,"Bochum, Nordrhein-Westfalen, Deutschland"
Stadt Bonn,Bonn,50.7352621,7.1024635,q2,"Bonn, Nordrhein-Westfalen, Deutschland"
Stadt Bottrop,Bottrop,51.521581,6.929204,q2,"Bottrop, Nordrhein-Westfalen, Deutschland"
Stadt Dortmund,Dortmund,51.5142273,7.4652789,q2,"Dortmund, Nordrhein-Westfalen, Deutschland"
Stadt Duesseldorf,Duesseldorf,51.2254018,6.7763137,q2,"Düsseldorf, Nordrhein-Westfalen, Deutschland"
Stadt Duisburg,Duisburg,51.434999,6.759562,q2,"Duisburg, Nordrhein-Westfalen, Deutschland"
Stadt Essen,Essen,51.4582235,7.0158171,q2,"Essen, Nordrhein-Westfalen, Deutschland"
Stadt Gelsenkirchen,Gelsenkirchen,51.5110321,7.0960124,q2,"Gelsenkirchen, Nordrhein-Westfalen, Deutschland"
Stadt Hagen,Hagen,51.7759295,7.4380424,q1,"Hinterm Hagen (=LÜD 1.16), Hinterm Hagen, Lüdinghausen (Stadt), Lüdinghausen, Kreis Coesfeld, Nordrhein-Westfalen, 59348, Deutschland"
Stadt Hamm,Hamm,51.681281,7.8191185,q2,"Hamm, Nordrhein-Westfalen, Deutschland"
Stadt Herne,Herne,51.5380394,7.219985,q2,"Herne, Nordrhein-Westfalen, Deutschland"
Stadt Koeln,Koeln,50.938361,6.959974,q2,"Köln, Nordrhein-Westfalen, Deutschland"
Stadt Krefeld,Krefeld,51.3331205,6.5623343,q2,"Krefeld, Nordrhein-Westfalen, Deutschland"
Stadt Leverkusen,Leverkusen,51.0324743,6.9881194,q2,"Leverkusen, Nordrhein-Westfalen, Deutschland"
Stadt Moenchengladbach,Moenchengladbach,51.1947131,6.4353792,q2,"Mönchengladbach, Nordrhein-Westfalen, Deutschland"
Stadt Muelheim a.d.Ruhr,Muelheim a.d.Ruhr,51.4254278,6.8229811,q1,"Fernmeldeturm Mülheim-Speldorf, Artur-Brocke-Allee, Auf der Blösse, Speldorf, Linksruhr, Mülheim an der Ruhr, Nordrhein-Westfalen, 45478, Deutschland"
Stadt Muenster,Muenster,51.9625101,7.6251879,q2,"Münster, Nordrhein-Westfalen, Deutschland"
Stadt Oberhausen,Oberhausen,51.4696137,6.8514435,q2,"Oberhausen, Nordrhein-Westfalen, Deutschland"
Stadt Remscheid,Remscheid,51.1798706,7.1943544,q2,"Remscheid, Nordrhein-Westfalen, Deutschland"
Stadt Solingen,Solingen,51.1721629,7.0845893,q2,"Solingen, Nordrhein-Westfalen, Deutschland"
Stadt Wuppertal,Wuppertal,51.264018,7.1780374,q2,"Wuppertal, Nordrhein-Westfalen, Deutschland"
Staedteregion Aachen,Aachen,50.776351,6.083862,q1,"Aachen, Städteregion Aachen, Nordrhein-Westfalen, Deutschland"
Staedteregion Aachen,Alsdorf,50.8771537,6.1620774,q1,"Alsdorf, Städteregion Aachen, Nordrhein-Westfalen, 52477, Deutschland"
Staedteregion Aachen,Baesweiler,50.9074568,6.1826282,q1,"Baesweiler, Städteregion Aachen, Nordrhein-Westfalen, 52499, Deutschland"
Staedteregion Aachen,Eschweiler,50.8175029,6.2630894,q1,"Eschweiler, Städteregion Aachen, Nordrhein-Westfalen, 52249, Deutschland"
Staedteregion Aachen,Herzogenrath,50.8684545,6.0950514,q1,"Herzogenrath, Städteregion Aachen, Nordrhein-Westfalen, 52134, Deutschland"
Staedteregion Aachen,Monschau,50.5544687,6.2407954,q1,"Monschau, Städteregion Aachen, Nordrhein-Westfalen, 52156, Deutschland"
Staedteregion Aachen,Roetgen,50.6471603,6.1967728,q1,"Roetgen, Städteregion Aachen, Nordrhein-Westfalen, 52159, Deutschland"
Staedteregion Aachen,Simmerath,50.6072499,6.3005267,q1,"Simmerath, Städteregion Aachen, Nordrhein-Westfalen, 52152, Deutschland"
Staedteregion Aachen,Stolberg (Rhld.),50.7702908,6.2295504,q1,"Stolberg, Städteregion Aachen, Nordrhein-Westfalen, Deutschland"
Staedteregion Aachen,Wuerselen,50.8178682,6.1341108,q1,"Würselen, Städteregion Aachen, Nordrhein-Westfalen, 52146, Deutschland"
